Material_Name,Embodied_Carbon_kgCO2e_kg,Data_Source
"general UK, mixture of land won, marine, secondary and recycled, bulk, loose",0.007469645473733029,ICE Database V5.0 (Circular Ecology)
"general, virgin mixture of land won and marine, bulk, loose",0.004927788903286607,ICE Database V5.0 (Circular Ecology)
"from virgin land won resources, bulk, loose",0.00435750119402985,ICE Database V5.0 (Circular Ecology)
"from virgin marine resources, bulk, loose",0.009037500000000002,ICE Database V5.0 (Circular Ecology)
"from recycled resources, no heat treatment, bulk, loose",0.006052978571428572,ICE Database V5.0 (Circular Ecology)
"from recycled resources, with heat treatment, bulk, loose",0.11877166666666668,ICE Database V5.0 (Circular Ecology)
"expanded clay, bulk, loose",0.3350915,ICE Database V5.0 (Circular Ecology)
"expanded foamed glass, bulk, loose",0.273532,ICE Database V5.0 (Circular Ecology)
"from secondary resources, bulk, loose",0.06332299999999999,ICE Database V5.0 (Circular Ecology)
"mixture of recycled and secondary resources, bulk, loose",0.014181253693490319,ICE Database V5.0 (Circular Ecology)
"Aluminium General, European Mix, Inc Imports",6.668717530534737,ICE Database V5.0 (Circular Ecology)
"Aluminium sheet, European Mix, Inc Imports",6.581175999999999,ICE Database V5.0 (Circular Ecology)
"Aluminium foil, European Mix, Inc Imports",7.468977999999998,ICE Database V5.0 (Circular Ecology)
"Aluminium extruded profile, European Mix, Inc Imports",6.8252419999999985,ICE Database V5.0 (Circular Ecology)
"Aluminium, cast, European Mix, Inc Imports",6.7151900884210525,ICE Database V5.0 (Circular Ecology)
"Aluminium General, Worldwide",13.055539991305551,ICE Database V5.0 (Circular Ecology)
"Aluminium sheet, Worldwide",12.95589499130555,ICE Database V5.0 (Circular Ecology)
"Aluminium foil, Worldwide",13.766894991305549,ICE Database V5.0 (Circular Ecology)
"Aluminium extruded profile, Worldwide",13.176394991305548,ICE Database V5.0 (Circular Ecology)
"Aluminium cast, Worldwide",13.186894991305548,ICE Database V5.0 (Circular Ecology)
"Aluminium, produced in Europe",5.583938202538153,ICE Database V5.0 (Circular Ecology)
"Aluminium, North American",5.651616031355548,ICE Database V5.0 (Circular Ecology)
"Aluminium, Africa",12.405749895609985,ICE Database V5.0 (Circular Ecology)
"Aluminium, China",14.593568656260635,ICE Database V5.0 (Circular Ecology)
"Aluminium, Japan",10.624512538347433,ICE Database V5.0 (Circular Ecology)
"Aluminium, Middle East",10.809800161935325,ICE Database V5.0 (Circular Ecology)
"Aluminium, Oceania",12.752084585609984,ICE Database V5.0 (Circular Ecology)
"Aluminium, Other Asia",15.869096795609984,ICE Database V5.0 (Circular Ecology)
"Aluminium, Russia",5.548323033609984,ICE Database V5.0 (Circular Ecology)
"Aluminium, South America",8.319000553609985,ICE Database V5.0 (Circular Ecology)
"Aluminium, South Korea",11.946853210535124,ICE Database V5.0 (Circular Ecology)
"Asphalt, 3% (bitumen) binder content (by mass)",50.68422793496,ICE Database V5.0 (Circular Ecology)
"Asphalt, 3.5% binder content",53.41868629612,ICE Database V5.0 (Circular Ecology)
"Asphalt, 4% binder content",56.15314465728001,ICE Database V5.0 (Circular Ecology)
"Asphalt, 4.5% binder content",58.88760301844,ICE Database V5.0 (Circular Ecology)
"Asphalt, 5% binder content",61.622061379600005,ICE Database V5.0 (Circular Ecology)
"Asphalt, 5.5% binder content",64.35651974075999,ICE Database V5.0 (Circular Ecology)
"Asphalt, 6% binder content",67.09097810192,ICE Database V5.0 (Circular Ecology)
"Asphalt, 6.5% binder content",69.82543646308,ICE Database V5.0 (Circular Ecology)
"Asphalt, 7% binder content",72.55989482423999,ICE Database V5.0 (Circular Ecology)
"Road surface, asphalt, 3% (bitumen) binder content (by mass)",14.240740466072754,ICE Database V5.0 (Circular Ecology)
"Road surface, asphalt, 3.5% binder content",14.889764158094081,ICE Database V5.0 (Circular Ecology)
"Road surface, asphalt, 4% binder content",15.538787850115407,ICE Database V5.0 (Circular Ecology)
"Road surface, asphalt, 4.5% binder content",16.187811542136732,ICE Database V5.0 (Circular Ecology)
"Road surface, asphalt, 5% binder content",16.83683523415806,ICE Database V5.0 (Circular Ecology)
"Road surface, asphalt, 5.5% binder content",17.485858926179386,ICE Database V5.0 (Circular Ecology)
"Road surface, asphalt, 6% binder content",18.134882618200713,ICE Database V5.0 (Circular Ecology)
"Road surface, asphalt, 6.5% binder content",18.783906310222036,ICE Database V5.0 (Circular Ecology)
"Road surface, asphalt, 7% binder content",19.43293000224336,ICE Database V5.0 (Circular Ecology)
Straight-run bitumen,0.53,ICE Database V5.0 (Circular Ecology)
General (Common Brick),0.213,ICE Database V5.0 (Circular Ecology)
A Single Brick,0.45369,ICE Database V5.0 (Circular Ecology)
with Mortar 1:3 cement:sand mix (Using CEM I cement),1.0,ICE Database V5.0 (Circular Ecology)
with Mortar 1:4 cement:sand mix (Using CEM I cement),1.0,ICE Database V5.0 (Circular Ecology)
with Mortar 1:5 cement:sand mix (Using CEM I cement),1.0,ICE Database V5.0 (Circular Ecology)
with Mortar 1:6 cement:sand mix (Using CEM I cement),1.0,ICE Database V5.0 (Circular Ecology)
with Mortar (1:½:4½ Cement:Lime:Sand mix) (Using CEM I cement),1.0,ICE Database V5.0 (Circular Ecology)
with Mortar (1:1:6 Cement:Lime:Sand mix) (Using CEM I cement),1.0,ICE Database V5.0 (Circular Ecology)
with Mortar (1:2:9 Cement:Lime:Sand mix) (Using CEM I cement),1.0,ICE Database V5.0 (Circular Ecology)
General (UK average),0.8122999999999999,ICE Database V5.0 (Circular Ecology)
"Average CEM I, Ordinary Portland Cement (OPC)",0.8398,ICE Database V5.0 (Circular Ecology)
CEM II-A-S - 13% GGBs,0.7545298799999999,ICE Database V5.0 (Circular Ecology)
CEM II/B-S - 28% GGBs,0.65129628,ICE Database V5.0 (Circular Ecology)
CEM II/A-P - 13% natural pozzolanic ash,0.7352550855,ICE Database V5.0 (Circular Ecology)
CEM II/B-P 28% natural pozzolanic ash,0.6097813379999999,ICE Database V5.0 (Circular Ecology)
CEM II/A-V - 13% fly ash siliceous,0.7348017299999999,ICE Database V5.0 (Circular Ecology)
CEM II/B-V - 28% fly ash siliceous,0.6088048799999999,ICE Database V5.0 (Circular Ecology)
CEM II/A-W - 13% fly ash calcareous,0.7348017299999999,ICE Database V5.0 (Circular Ecology)
CEM II/B-W - 28% fly ash calcareous,0.6088048799999999,ICE Database V5.0 (Circular Ecology)
CEM II/A-L - 13% limestone,0.7363394805,ICE Database V5.0 (Circular Ecology)
CEM II/B-L- 28% limestone,0.6121169579999999,ICE Database V5.0 (Circular Ecology)
CEM II/A-LL - 13% limestone,0.7363394805,ICE Database V5.0 (Circular Ecology)
CEM II/B-LL - 28% limestone,0.6121169579999999,ICE Database V5.0 (Circular Ecology)
CEM II/A-M - 16% cement replacement,0.7217427599999999,ICE Database V5.0 (Circular Ecology)
CEM II/B-M - 28% cement replacement,0.6300505799999998,ICE Database V5.0 (Circular Ecology)
CEM III/A - 50.5% GGBS,0.4964458799999999,ICE Database V5.0 (Circular Ecology)
CEM III/B - 73% GGBS,0.34159547999999995,ICE Database V5.0 (Circular Ecology)
CEM III/C - 88% GGBS,0.23836187999999997,ICE Database V5.0 (Circular Ecology)
CEM IV/A - 23% cement replacement,0.65080383,ICE Database V5.0 (Circular Ecology)
CEM IV/B - 46% cement replacement,0.46180855499999995,ICE Database V5.0 (Circular Ecology)
CEM V/A - 24% GGBS and 24% cement replacement,0.479032044,ICE Database V5.0 (Circular Ecology)
CEM V/B - 36% GGBS and 36% cement replacement,0.30415204425,ICE Database V5.0 (Circular Ecology)
Mortar (1:3 cement:sand mix),0.18475615727002967,ICE Database V5.0 (Circular Ecology)
Mortar (1:4),0.15074442446043165,ICE Database V5.0 (Circular Ecology)
Mortar (1:5),0.12768214285714286,ICE Database V5.0 (Circular Ecology)
Mortar (1:6),0.11101494800693242,ICE Database V5.0 (Circular Ecology)
Mortar (1:½:4½ Cement:Lime:Sand mix),0.15824648562300317,ICE Database V5.0 (Circular Ecology)
Mortar (1:1:6 Cement:Lime:Sand mix),0.143406353820598,ICE Database V5.0 (Circular Ecology)
Mortar (1:2:9 Cement:Lime:Sand mix),0.12733382352941178,ICE Database V5.0 (Circular Ecology)
General concrete admixtures – Average of data collected,1.6661666666666666,ICE Database V5.0 (Circular Ecology)
"Concrete admixtures – Air entrainers, Europe",0.527,ICE Database V5.0 (Circular Ecology)
Concrete admixtures – Hardening Accelerators,2.28,ICE Database V5.0 (Circular Ecology)
"Concrete admixtures – Plasticisers and
Superplasticisers",1.88,ICE Database V5.0 (Circular Ecology)
Concrete admixtures – Retarders,1.31,ICE Database V5.0 (Circular Ecology)
Concrete admixtures – Set Accelerators,1.33,ICE Database V5.0 (Circular Ecology)
Concrete admixtures – Water Resisting Admixtures,2.67,ICE Database V5.0 (Circular Ecology)
"Ceramic, Porcelain Tile",0.7579433273832464,ICE Database V5.0 (Circular Ecology)
"Ceramic, Sanitary",1.9297641751660193,ICE Database V5.0 (Circular Ecology)
"Ceramic, Tile",0.7962672936688762,ICE Database V5.0 (Circular Ecology)
General,0.10336134453781512,ICE Database V5.0 (Circular Ecology)
GEN 0 (6/8 MPa),0.06337170209286469,ICE Database V5.0 (Circular Ecology)
GEN 1 (8/10 MPa),0.08714664250597447,ICE Database V5.0 (Circular Ecology)
GEN 2 (12/15 MPa),0.09417466980381356,ICE Database V5.0 (Circular Ecology)
GEN 3 (16/20 MPa),0.10106030596588982,ICE Database V5.0 (Circular Ecology)
20/25 MPa,0.10868092490927672,ICE Database V5.0 (Circular Ecology)
25/30 MPa,0.11548023907564679,ICE Database V5.0 (Circular Ecology)
28/35 MPa,0.12228881572230957,ICE Database V5.0 (Circular Ecology)
32/40 MPa,0.1341708640708405,ICE Database V5.0 (Circular Ecology)
35/45 MPa,0.1443346867478302,ICE Database V5.0 (Circular Ecology)
40/50 Mpa,0.15446924778855348,ICE Database V5.0 (Circular Ecology)
PAV1,0.12228612690521487,ICE Database V5.0 (Circular Ecology)
PAV2,0.13417480946000002,ICE Database V5.0 (Circular Ecology)
20/25 (20/25 MPa),0.11170495534437502,ICE Database V5.0 (Circular Ecology)
25/30 (25/30 MPa),0.11873999718229167,ICE Database V5.0 (Circular Ecology)
28/35 (28/35 MPa),0.12574544134895832,ICE Database V5.0 (Circular Ecology)
32/40 (32/40 MPa),0.13798030391458332,ICE Database V5.0 (Circular Ecology)
35/45 (32/40 MPa),0.1484613389659375,ICE Database V5.0 (Circular Ecology)
40/50 (40/50 MPa),0.15896506556525,ICE Database V5.0 (Circular Ecology)
Per kg of concrete,0.13798425027074998,ICE Database V5.0 (Circular Ecology)
% Cement Replacement - Fly Ash,0.15,ICE Database V5.0 (Circular Ecology)
% Cement Replacement - Blast Furnace Slag,0.25,ICE Database V5.0 (Circular Ecology)
1:1:2 Cement:Sand:Aggregate,0.19286256641690144,ICE Database V5.0 (Circular Ecology)
1:1.5:3 ,0.14371884838205132,ICE Database V5.0 (Circular Ecology)
1:2:4,0.11558010660403227,ICE Database V5.0 (Circular Ecology)
1:2.5:5,0.09735068917308967,ICE Database V5.0 (Circular Ecology)
1:3:6 ,0.08529516501737891,ICE Database V5.0 (Circular Ecology)
1:4:8,0.06875184890837002,ICE Database V5.0 (Circular Ecology)
100 kg CEM I  per m3 concrete,0.04839816961610644,ICE Database V5.0 (Circular Ecology)
V1.0,0.05553362161932774,ICE Database V5.0 (Circular Ecology)
100 kg average UK cement per m3 concrete,0.04709111079257704,ICE Database V5.0 (Circular Ecology)
% Cement Replacement - pfa,0.3,ICE Database V5.0 (Circular Ecology)
100 kg total cementitious content per m3 concrete,0.04839816961610644,ICE Database V5.0 (Circular Ecology)
Select From Drop Down List,0.13847653758214284,ICE Database V5.0 (Circular Ecology)
Concrete - 50% ggbs cement replacement - with total cementitious content of 320 kg per m3 of concrete,0.09920915861960786,ICE Database V5.0 (Circular Ecology)
Concrete - 30% pfa cement replacement - with total cementitious content of 320 kg per m3 of concrete,0.11165643256918767,ICE Database V5.0 (Circular Ecology)
Concrete 40/50 with average UK additions cement,0.17296924778855347,ICE Database V5.0 (Circular Ecology)
"precast concrete pipe, DN600 unreinforced",67.62892099412497,ICE Database V5.0 (Circular Ecology)
"precast concrete pipe, DN600 unreinforced per kg",0.13858385449615773,ICE Database V5.0 (Circular Ecology)
"precast concrete paving (Blocks, Slabs, Channels and Kerbs)",0.1236477558983729,ICE Database V5.0 (Circular Ecology)
precast concrete beams and columns -steel reinforced with world average steel,0.23577543783014795,ICE Database V5.0 (Circular Ecology)
As above but with European recycled steel rebar,0.18275043783014802,ICE Database V5.0 (Circular Ecology)
"precast hollowcore concrete flooring, 150mm, prestressed steel reinforced with world average steel",53.49852039986931,ICE Database V5.0 (Circular Ecology)
"concrete block, medium density solid, average strength, per kg",0.08524137318131832,ICE Database V5.0 (Circular Ecology)
"concrete block, high density solid, average strength, per kg",0.08524137318131832,ICE Database V5.0 (Circular Ecology)
AAC concrete block,0.28,ICE Database V5.0 (Circular Ecology)
"75 mm thickness, 440 mm length, 215 mm width.",0.8524137318131831,ICE Database V5.0 (Circular Ecology)
"90 mm thickness, 440 mm length, 215 mm width.",0.9802757915851606,ICE Database V5.0 (Circular Ecology)
"100 mm thickness, 440 mm length, 215 mm width.",1.1763309499021928,ICE Database V5.0 (Circular Ecology)
"140 mm thickness, 440 mm length, 215 mm width.",1.6451585023994435,ICE Database V5.0 (Circular Ecology)
"190 mm thickness, 440 mm length, 215 mm width.",2.0884136429422986,ICE Database V5.0 (Circular Ecology)
"215 mm thickness, 440 mm length, 215 mm width.",3.452275613843392,ICE Database V5.0 (Circular Ecology)
"150 mm thickness, 440 mm length, 215 mm width.",2.3839200000000007,ICE Database V5.0 (Circular Ecology)
75 mm thickness wall,10.106938736297298,ICE Database V5.0 (Circular Ecology)
90 mm thickness wall,11.702119617650167,ICE Database V5.0 (Circular Ecology)
100 mm thickness wall,13.873711389909218,ICE Database V5.0 (Circular Ecology)
140 mm thickness wall,19.406147671236642,ICE Database V5.0 (Circular Ecology)
190 mm thickness wall,24.893900022108838,ICE Database V5.0 (Circular Ecology)
215 mm thickness wall,39.06012020384159,ICE Database V5.0 (Circular Ecology)
150 mm thickness wall,27.004802836330942,ICE Database V5.0 (Circular Ecology)
"Glass, General, per kg",1.4369670638496768,ICE Database V5.0 (Circular Ecology)
"Glass, Glazing, Double, per kg",1.6256000138901547,ICE Database V5.0 (Circular Ecology)
"Glass, Glazing triple, per kg",1.7469909686401202,ICE Database V5.0 (Circular Ecology)
"Glass, Toughened, per kg",1.667229702162383,ICE Database V5.0 (Circular Ecology)
"Glass, Multi layer safety, filled core, fire resistant, toughened, per kg",2.081791236308043,ICE Database V5.0 (Circular Ecology)
"Glass, Multi layer safety, unfilled, per kg",1.5555155035203816,ICE Database V5.0 (Circular Ecology)
"Glass, sky light or roof, with frame, per kg",3.1018518518518516,ICE Database V5.0 (Circular Ecology)
"per mm glass, 1 mm of glass, ex frame",3.592417659624192,ICE Database V5.0 (Circular Ecology)
"3 mm of glass, ex frame",10.777252978872575,ICE Database V5.0 (Circular Ecology)
"4 mm of glass, ex frame",14.369670638496768,ICE Database V5.0 (Circular Ecology)
"5 mm of glass, ex frame",17.96208829812096,ICE Database V5.0 (Circular Ecology)
"6 mm of glass, ex frame",21.55450595774515,ICE Database V5.0 (Circular Ecology)
"7 mm of glass, ex frame",25.146923617369342,ICE Database V5.0 (Circular Ecology)
"8 mm of glass, ex frame",28.739341276993535,ICE Database V5.0 (Circular Ecology)
"10 mm of glass, ex frame",35.92417659624192,ICE Database V5.0 (Circular Ecology)
"12 mm of glass, ex frame",43.1090119154903,ICE Database V5.0 (Circular Ecology)
"per mm glass, 1 mm of glass, ex cavity and ex frame",4.064000034725387,ICE Database V5.0 (Circular Ecology)
"10 mm of glass, ex cavity and ex frame",40.64000034725387,ICE Database V5.0 (Circular Ecology)
"12 mm of glass, ex cavity and ex frame",48.768000416704645,ICE Database V5.0 (Circular Ecology)
"14 mm of glass, ex cavity and ex frame",56.896000486155415,ICE Database V5.0 (Circular Ecology)
"16 mm of glass, ex cavity and ex frame",65.0240005556062,ICE Database V5.0 (Circular Ecology)
"20 mm of glass, ex cavity and ex frame",81.28000069450773,ICE Database V5.0 (Circular Ecology)
"15 mm of glass, ex cavity and ex frame",65.51216132400451,ICE Database V5.0 (Circular Ecology)
"18 mm of glass, ex cavity and ex frame",78.6145935888054,ICE Database V5.0 (Circular Ecology)
"14 mm of glass, ex frame",72.8626932707815,ICE Database V5.0 (Circular Ecology)
"16 mm of glass, ex frame",83.27164945232171,ICE Database V5.0 (Circular Ecology)
" per mm glass, 1 mm of glass, ex frame",4.1680742554059576,ICE Database V5.0 (Circular Ecology)
" 2 mm of glass, ex frame",8.336148510811915,ICE Database V5.0 (Circular Ecology)
" 3 mm of glass, ex frame",12.504222766217872,ICE Database V5.0 (Circular Ecology)
" 5 mm of glass, ex frame",20.84037127702979,ICE Database V5.0 (Circular Ecology)
" 6 mm of glass, ex frame",25.008445532435744,ICE Database V5.0 (Circular Ecology)
" 8 mm of glass, ex frame",33.34459404324766,ICE Database V5.0 (Circular Ecology)
" 10 mm of glass, ex frame",41.68074255405958,ICE Database V5.0 (Circular Ecology)
" 12 mm of glass, ex frame",50.01689106487149,ICE Database V5.0 (Circular Ecology)
" 15 mm of glass, ex frame",62.52111383108936,ICE Database V5.0 (Circular Ecology)
"Roof or skylight, inc frame",0.5142857142857142,ICE Database V5.0 (Circular Ecology)
"Insulation, Glass Wool",1.5327072819666347,ICE Database V5.0 (Circular Ecology)
"Insulation, Mineral Wool",1.2496460421912865,ICE Database V5.0 (Circular Ecology)
"Insulation, Polyisocyanurate (PIR)",3.08888837800634,ICE Database V5.0 (Circular Ecology)
"Insulation, Polystyrene",3.6899542517003656,ICE Database V5.0 (Circular Ecology)
"Insulation, Polyurethane Board",4.531828773794587,ICE Database V5.0 (Circular Ecology)
GGBS (Ground Granulated Blast Furnace Slag),0.155,ICE Database V5.0 (Circular Ecology)
"Paint, Waterborne",2.1518303071422826,ICE Database V5.0 (Circular Ecology)
"Plaster, Glass Fibre Reinforced Plasterboard",0.3217984160206414,ICE Database V5.0 (Circular Ecology)
"Plaster, Gypsum",0.16446869122315075,ICE Database V5.0 (Circular Ecology)
"Plaster, Plasterboard",0.23813794055386647,ICE Database V5.0 (Circular Ecology)
"Rubber, Synthetic",2.5469301913402087,ICE Database V5.0 (Circular Ecology)
"Steel, Tin-free Electrolytic Chrome Coated Steel Sheet - Tin-free (ECCS)",2.87,ICE Database V5.0 (Circular Ecology)
"Steel, electrogalvanized steel",2.71,ICE Database V5.0 (Circular Ecology)
"Steel, welded pipe",2.51,ICE Database V5.0 (Circular Ecology)
"Steel, Organic coated sheet",2.88,ICE Database V5.0 (Circular Ecology)
"Steel, Tinplate",2.7,ICE Database V5.0 (Circular Ecology)
"Steel, finished cold-rolled coil",2.57,ICE Database V5.0 (Circular Ecology)
"Steel, hot-dip galvanized steel",2.62,ICE Database V5.0 (Circular Ecology)
"Steel, Plate",2.38,ICE Database V5.0 (Circular Ecology)
"Steel, Cold Rolled Coil",2.47,ICE Database V5.0 (Circular Ecology)
"Steel, pickled hot-rolled coil",2.38,ICE Database V5.0 (Circular Ecology)
"Steel, Wire rod",2.16,ICE Database V5.0 (Circular Ecology)
"Steel, Hot Rolled Coil",2.26,ICE Database V5.0 (Circular Ecology)
"Steel, Rebar",1.72,ICE Database V5.0 (Circular Ecology)
"Steel, Section",1.61,ICE Database V5.0 (Circular Ecology)
"Steel, Engineering steel",1.64,ICE Database V5.0 (Circular Ecology)
"Steel, global seamless tube",1.9,ICE Database V5.0 (Circular Ecology)
"Steel rebar, recycled, Europe EAF mid range",0.73,ICE Database V5.0 (Circular Ecology)
"Steel, Stainless",4.177857142857143,ICE Database V5.0 (Circular Ecology)
Timber - Average of all data - No Carbon Storage,0.49282614286872206,ICE Database V5.0 (Circular Ecology)
"Timber, Chipboard - No Carbon Storage",0.4001637305970765,ICE Database V5.0 (Circular Ecology)
"Timber, Closed panel timber frame system - No Carbon Storage",0.45245901639344255,ICE Database V5.0 (Circular Ecology)
"Timber, CLT - No Carbon Storage",0.25,ICE Database V5.0 (Circular Ecology)
"Timber, Fibreboard - No Carbon Storage",0.7153065020437609,ICE Database V5.0 (Circular Ecology)
"Timber, Glulam - No Carbon Storage",0.28,ICE Database V5.0 (Circular Ecology)
"Timber, Hardboard - No Carbon Storage",0.8152475357357929,ICE Database V5.0 (Circular Ecology)
"Timber, Hardwood - No Carbon Storage",0.3055605438580264,ICE Database V5.0 (Circular Ecology)
"Timber, Laminate - No Carbon Storage",0.6977633702033249,ICE Database V5.0 (Circular Ecology)
"Timber, Laminated strand lumber - No Carbon Storage",0.5040791661821618,ICE Database V5.0 (Circular Ecology)
"Timber, Laminated veneer lumber - No Carbon Storage",0.38980151409700864,ICE Database V5.0 (Circular Ecology)
"Timber, MDF - No Carbon Storage",0.8564543216570808,ICE Database V5.0 (Circular Ecology)
"Timber, Open panel timber frame system - No Carbon Storage",0.3451776649746193,ICE Database V5.0 (Circular Ecology)
"Timber, OSB - No Carbon Storage",0.4550691214456056,ICE Database V5.0 (Circular Ecology)
"Timber, Parquet - No Carbon Storage",0.8112189857037869,ICE Database V5.0 (Circular Ecology)
"Timber, Particle Board - No Carbon Storage",0.6642659428279294,ICE Database V5.0 (Circular Ecology)
"Timber, Plywood - No Carbon Storage",0.6814642859887556,ICE Database V5.0 (Circular Ecology)
"Timber, Softwood - No Carbon Storage",0.26259445783377083,ICE Database V5.0 (Circular Ecology)
"Timber, Wood I-Beam - No Carbon Storage",0.48330205147572497,ICE Database V5.0 (Circular Ecology)
"Timber, Wood-plastic composite - No Carbon Storage",1.44,ICE Database V5.0 (Circular Ecology)
Timber - Average of all data - Including Carbon Storage,0.6344419745837352,ICE Database V5.0 (Circular Ecology)
"Timber, Chipboard - Including Carbon Storage",0.6147727272727272,ICE Database V5.0 (Circular Ecology)
"Timber, Closed panel timber frame system - Including Carbon Storage",0.6399999999999999,ICE Database V5.0 (Circular Ecology)
"Timber, CLT - Including Carbon Storage",0.84,ICE Database V5.0 (Circular Ecology)
"Timber, Fibreboard - Including Carbon Storage",0.615,ICE Database V5.0 (Circular Ecology)
"Timber, Glulam - Including Carbon Storage",0.84,ICE Database V5.0 (Circular Ecology)
"Timber, Hardboard - Including Carbon Storage",0.6666666666666667,ICE Database V5.0 (Circular Ecology)
"Timber, Hardwood - Including Carbon Storage",0.6363636363636364,ICE Database V5.0 (Circular Ecology)
"Timber, Laminate - Including Carbon Storage",0.7015384615384616,ICE Database V5.0 (Circular Ecology)
"Timber, Laminated strand lumber - Including Carbon Storage",0.6102857142857144,ICE Database V5.0 (Circular Ecology)
"Timber, Laminated veneer lumber - Including Carbon Storage",0.5381818181818181,ICE Database V5.0 (Circular Ecology)
"Timber, MDF - Including Carbon Storage",0.6016666666666667,ICE Database V5.0 (Circular Ecology)
"Timber, Open panel timber frame system - Including Carbon Storage",0.56,ICE Database V5.0 (Circular Ecology)
"Timber, OSB - Including Carbon Storage",0.624,ICE Database V5.0 (Circular Ecology)
"Timber, Parquet - Including Carbon Storage",0.6,ICE Database V5.0 (Circular Ecology)
"Timber, Particle Board - Including Carbon Storage",0.7567567567567568,ICE Database V5.0 (Circular Ecology)
"Timber, Plywood - Including Carbon Storage",0.64,ICE Database V5.0 (Circular Ecology)
"Timber, Softwood - Including Carbon Storage",0.64,ICE Database V5.0 (Circular Ecology)
"Timber, Wood I-Beam - Including Carbon Storage",0.6,ICE Database V5.0 (Circular Ecology)
"Timber, Wood-plastic composite - Including Carbon Storage",0.58,ICE Database V5.0 (Circular Ecology)
"Vinyl, Sheet",2.3976727362400494,ICE Database V5.0 (Circular Ecology)
"Vinyl, Tile",1.7400842973863049,ICE Database V5.0 (Circular Ecology)
